0.000000, 2.000000, 0.916000, 0.674336
0.000000, 0.000000, 0.900000, 0.586445
0.000000, -1.000000, 0.847000, 0.547383
0.000000, -3.000000, 0.696000, 0.488789
0.000000, -4.000000, 0.508000, 0.449727
0.000000, -5.000000, 0.275000, -0.355937
0.000000, -7.000000, -0.056000, -1.063945
0.000000, -9.000000, -0.477000, -1.771953
0.000000, -9.000000, -0.882000, -2.265117
0.000000, -10.000000, -0.980000, -1.547344
0.000000, -11.000000, -0.988000, -1.894023
0.000000, -11.000000, -0.988000, -1.688945
0.000000, -10.000000, -0.980000, -1.786602
0.000000, -10.000000, -0.980000, -1.801250
0.000000, -10.000000, -0.980000, -1.659648
0.000000, -9.000000, -0.972000, -1.532695
0.000000, -9.000000, -0.972000, -1.342266
0.000000, -8.000000, -0.964000, -1.171367
0.000000, -6.000000, -0.948000, -1.063945
0.000000, -5.000000, -0.940000, -0.936992
0.000000, -4.000000, -0.932000, -0.868633
0.000000, -3.000000, -0.924000, -0.814922
0.000000, -2.000000, -0.916000, -0.775859
0.000000, 0.000000, -0.900000, -0.741680
0.000000, 0.000000, -0.900000, -0.712383
0.000000, 2.000000, -0.794000, -0.678203
0.000000, 4.000000, -0.598000, -0.644023
0.000000, 5.000000, -0.365000, -0.224102
0.000000, 7.000000, -0.034000, 0.610859
0.000000, 7.000000, 0.281000, 1.543477
0.000000, 8.000000, 0.649000, 2.295430
0.000000, 9.000000, 0.972000, 2.427266
0.000000, 10.000000, 0.980000, 1.699727
0.000000, 10.000000, 0.980000, 1.846211
0.000000, 10.000000, 0.980000, 1.724141
0.000000, 9.000000, 0.972000, 1.704609
0.000000, 8.000000, 0.964000, 1.421406
0.000000, 7.000000, 0.956000, 1.216328
0.000000, 6.000000, 0.948000, 1.001484
0.000000, 5.000000, 0.940000, 0.879414
0.000000, 3.000000, 0.924000, 0.757344
0.000000, 1.000000, 0.908000, 0.664570
0.000000, 0.000000, 0.900000, 0.581563
0.000000, -2.000000, 0.794000, 0.518086
0.000000, -3.000000, 0.651000, 0.474141
0.000000, -5.000000, 0.410000, 0.278828
0.000000, -5.000000, 0.185000, -0.746562
0.000000, -7.000000, -0.146000, -1.278789
0.000000, -8.000000, -0.514000, -2.064922
0.000000, -9.000000, -0.927000, -2.265117
0.000000, -10.000000, -0.980000, -1.596172
0.000000, -10.000000, -0.980000, -1.845195
0.000000, -10.000000, -0.980000, -1.703594
0.000000, -10.000000, -0.980000, -1.845195
0.000000, -10.000000, -0.980000, -1.723125
0.000000, -9.000000, -0.972000, -1.684062
0.000000, -9.000000, -0.972000, -1.474102
0.000000, -8.000000, -0.964000, -1.259258
0.000000, -7.000000, -0.956000, -1.122539
0.000000, -6.000000, -0.948000, -0.990703
0.000000, -5.000000, -0.940000, -0.893047
0.000000, -3.000000, -0.924000, -0.844219
0.000000, -2.000000, -0.916000, -0.785625
0.000000, -1.000000, -0.908000, -0.761211
0.000000, 0.000000, -0.900000, -0.731914
0.000000, 1.000000, -0.847000, -0.683086
0.000000, 3.000000, -0.696000, -0.678203
0.000000, 5.000000, -0.455000, -0.644023
0.000000, 6.000000, -0.177000, 0.430195
0.000000, 7.000000, 0.146000, 1.216328
0.000000, 8.000000, 0.514000, 1.855977
0.000000, 9.000000, 0.927000, 2.730000
0.000000, 10.000000, 0.980000, 1.597188
0.000000, 10.000000, 0.980000, 1.870625
0.000000, 10.000000, 0.980000, 1.748555
0.000000, 9.000000, 0.972000, 1.797383
0.000000, 8.000000, 0.964000, 1.553242
0.000000, 7.000000, 0.956000, 1.279805
0.000000, 7.000000, 0.956000, 1.094258
0.000000, 5.000000, 0.940000, 0.938008
0.000000, 3.000000, 0.924000, 0.806172
0.000000, 2.000000, 0.916000, 0.698750
0.000000, 0.000000, 0.900000, 0.620625
0.000000, -1.000000, 0.847000, 0.557148
0.000000, -3.000000, 0.696000, 0.498555
0.000000, -4.000000, 0.508000, 0.469258
0.000000, -5.000000, 0.275000, -0.360820
0.000000, -6.000000, -0.003000, -1.039531
0.000000, -8.000000, -0.379000, -1.537578
0.000000, -9.000000, -0.792000, -2.265117
0.000000, -10.000000, -0.980000, -1.640117
0.000000, -10.000000, -0.980000, -1.918437
0.000000, -10.000000, -0.980000, -1.791484
0.000000, -10.000000, -0.980000, -1.669414
30.000000, -10.000000, -1.220000, -1.786602
30.000000, -10.000000, -1.220000, -1.742656
30.000000, -9.000000, -1.212000, -1.547344
30.000000, -9.000000, -1.212000, -1.352031
30.000000, -8.000000, -1.204000, -1.186016
30.000000, -6.000000, -1.188000, -1.059062
30.000000, -5.000000, -1.180000, -0.946758
30.000000, -4.000000, -1.172000, -0.883281
30.000000, -3.000000, -1.164000, -0.814922
30.000000, -2.000000, -1.156000, -0.766094
30.000000, 0.000000, -1.140000, -0.741680
30.000000, 0.000000, -1.140000, -0.707500
30.000000, 2.000000, -1.124000, -0.687969
30.000000, 4.000000, -1.108000, -0.658672
30.000000, 5.000000, -1.100000, -0.624492
30.000000, 7.000000, -1.084000, -0.624492
30.000000, 8.000000, -1.076000, -0.595195
30.000000, 9.000000, -1.068000, -0.575664
30.000000, 11.000000, -1.052000, -0.570781
30.000000, 12.000000, -1.044000, -0.561016
30.000000, 14.000000, -1.028000, -0.580547
30.000000, 14.000000, -1.028000, -0.561016
30.000000, 16.000000, -1.012000, -0.575664
30.000000, 17.000000, -1.004000, -0.565898
30.000000, 19.000000, -0.988000, -0.561016
30.000000, 21.000000, -0.972000, -0.565898
30.000000, 22.000000, -0.964000, -0.556133
30.000000, 24.000000, -0.948000, -0.556133
30.000000, 25.000000, -0.940000, -0.546367
30.000000, 27.000000, -0.924000, -0.536602
30.000000, 28.000000, -0.916000, -0.546367
30.000000, 30.000000, -0.900000, -0.536602
30.000000, 32.000000, -0.794000, -0.551250
30.000000, 33.000000, -0.651000, -0.546367
30.000000, 34.000000, -0.463000, -0.390117
30.000000, 35.000000, -0.230000, 0.376484
30.000000, 37.000000, 0.101000, 1.060078
30.000000, 38.000000, 0.469000, 1.792500
30.000000, 39.000000, 0.882000, 2.730000
30.000000, 40.000000, 0.980000, 1.572773
30.000000, 40.000000, 0.980000, 2.007344
30.000000, 40.000000, 0.980000, 1.738789
30.000000, 40.000000, 0.980000, 1.714375
30.000000, 40.000000, 0.980000, 1.680195
30.000000, 39.000000, 0.972000, 1.353047
30.000000, 38.000000, 0.964000, 1.152852
30.000000, 37.000000, 0.956000, 0.986836
30.000000, 35.000000, 0.940000, 0.840352
30.000000, 34.000000, 0.932000, 0.742695
30.000000, 32.000000, 0.916000, 0.635273
30.000000, 31.000000, 0.908000, 0.552266
30.000000, 29.000000, 0.847000, 0.508320
30.000000, 28.000000, 0.749000, 0.469258
30.000000, 26.000000, 0.553000, 0.415547
30.000000, 24.000000, 0.267000, -0.194805
30.000000, 24.000000, -0.003000, -1.239727
30.000000, 21.000000, -0.432000, -1.503398
30.000000, 20.000000, -0.890000, -2.265117
30.000000, 19.000000, -0.988000, -1.620586
30.000000, 19.000000, -0.988000, -1.967266
30.000000, 19.000000, -0.988000, -1.718242
30.000000, 19.000000, -0.988000, -1.894023
30.000000, 19.000000, -0.988000, -1.771953
30.000000, 19.000000, -0.988000, -1.835430
30.000000, 19.000000, -0.988000, -1.605937
30.000000, 21.000000, -0.972000, -1.400859
30.000000, 21.000000, -0.972000, -1.249492
30.000000, 23.000000, -0.956000, -1.137187
30.000000, 24.000000, -0.948000, -1.020000
30.000000, 25.000000, -0.940000, -0.932109
30.000000, 27.000000, -0.924000, -0.853984
30.000000, 28.000000, -0.916000, -0.770977
30.000000, 29.000000, -0.908000, -0.717266
30.000000, 31.000000, -0.847000, -0.707500
30.000000, 32.000000, -0.749000, -0.673320
30.000000, 33.000000, -0.606000, -0.663555
30.000000, 34.000000, -0.418000, -0.263164
30.000000, 35.000000, -0.185000, 0.386250
30.000000, 37.000000, 0.146000, 1.138203
30.000000, 38.000000, 0.514000, 1.851094
30.000000, 38.000000, 0.874000, 2.730000
30.000000, 39.000000, 0.972000, 1.553242
30.000000, 39.000000, 0.972000, 1.860859
30.000000, 39.000000, 0.972000, 1.777852
30.000000, 39.000000, 0.972000, 1.787617
30.000000, 39.000000, 0.972000, 1.509297
30.000000, 38.000000, 0.964000, 1.294453
30.000000, 37.000000, 0.956000, 1.079609
30.000000, 35.000000, 0.940000, 0.923359
30.000000, 33.000000, 0.924000, 0.811055
30.000000, 32.000000, 0.916000, 0.708516
30.000000, 31.000000, 0.908000, 0.605977
30.000000, 29.000000, 0.847000, 0.547383
30.000000, 28.000000, 0.749000, 0.483906
30.000000, 26.000000, 0.553000, 0.449727
30.000000, 24.000000, 0.267000, -0.194805
30.000000, 23.000000, -0.056000, -1.190898
30.000000, 21.000000, -0.477000, -1.757305
30.000000, 20.000000, -0.935000, -2.265117
30.000000, 19.000000, -0.988000, -1.571758
30.000000, 19.000000, -0.988000, -1.952617
30.000000, 19.000000, -0.988000, -1.732891
30.000000, 19.000000, -0.988000, -1.757305
30.000000, 19.000000, -0.988000, -1.732891
30.000000, 19.000000, -0.988000, -1.840312
30.000000, 20.000000, -0.980000, -1.522930
30.000000, 21.000000, -0.972000, -1.395977
30.000000, 22.000000, -0.964000, -1.229961
30.000000, 23.000000, -0.956000, -1.098125
30.000000, 24.000000, -0.948000, -1.005352
30.000000, 26.000000, -0.932000, -0.912578
30.000000, 28.000000, -0.916000, -0.839336
30.000000, 28.000000, -0.916000, -0.766094
30.000000, 30.000000, -0.900000, -0.727031
30.000000, 31.000000, -0.847000, -0.687969
30.000000, 32.000000, -0.749000, -0.668437
30.000000, 33.000000, -0.606000, -0.644023
30.000000, 35.000000, -0.365000, -0.263164
30.000000, 36.000000, -0.087000, 0.645039
30.000000, 37.000000, 0.236000, 1.489766
30.000000, 38.000000, 0.604000, 2.080586
30.000000, 39.000000, 0.972000, 2.725117
30.000000, 39.000000, 0.972000, 1.582539
30.000000, 39.000000, 0.972000, 1.821797
0.000000, 39.000000, 1.212000, 1.797383
0.000000, 39.000000, 1.212000, 1.704609
0.000000, 39.000000, 1.212000, 1.426289
0.000000, 38.000000, 1.204000, 1.221211
0.000000, 37.000000, 1.196000, 1.030781
0.000000, 35.000000, 1.180000, 0.889180
0.000000, 33.000000, 1.164000, 0.776875
0.000000, 32.000000, 1.156000, 0.669453
0.000000, 31.000000, 1.148000, 0.591328
0.000000, 29.000000, 1.132000, 0.518086
0.000000, 28.000000, 1.124000, 0.483906
0.000000, 27.000000, 1.116000, 0.430195
0.000000, 24.000000, 1.092000, 0.400898
0.000000, 23.000000, 1.084000, 0.366719
0.000000, 21.000000, 1.068000, 0.352070
0.000000, 19.000000, 1.052000, 0.327656
0.000000, 17.000000, 1.036000, 0.322773
0.000000, 16.000000, 1.028000, 0.298359
0.000000, 14.000000, 1.012000, 0.308125
0.000000, 12.000000, 0.996000, 0.273945
0.000000, 11.000000, 0.988000, 0.273945
0.000000, 8.000000, 0.964000, 0.264180
0.000000, 7.000000, 0.956000, 0.259297
0.000000, 6.000000, 0.948000, 0.254414
0.000000, 4.000000, 0.932000, 0.249531
0.000000, 1.000000, 0.908000, 0.244648
0.000000, 0.000000, 0.900000, 0.254414
0.000000, -2.000000, 0.794000, 0.239766
0.000000, -4.000000, 0.598000, 0.249531
0.000000, -5.000000, 0.365000, -0.145977
0.000000, -7.000000, 0.034000, -0.961406
0.000000, -9.000000, -0.387000, -1.786602
0.000000, -10.000000, -0.845000, -2.265117
0.000000, -11.000000, -0.988000, -1.605937
0.000000, -12.000000, -0.996000, -1.903789
0.000000, -12.000000, -0.996000, -1.703594
0.000000, -12.000000, -0.996000, -1.723125
0.000000, -12.000000, -0.996000, -1.728008
0.000000, -12.000000, -0.996000, -1.679180
0.000000, -11.000000, -0.988000, -1.649883
0.000000, -10.000000, -0.980000, -1.430156
0.000000, -9.000000, -0.972000, -1.229961
0.000000, -8.000000, -0.964000, -1.093242
0.000000, -7.000000, -0.956000, -0.966289
0.000000, -6.000000, -0.948000, -0.893047
0.000000, -5.000000, -0.940000, -0.819805
0.000000, -4.000000, -0.932000, -0.770977
0.000000, -2.000000, -0.916000, -0.722148
0.000000, -1.000000, -0.908000, -0.673320
0.000000, 0.000000, -0.900000, -0.644023
0.000000, 1.000000, -0.847000, -0.619609
0.000000, 3.000000, -0.696000, -0.590312
0.000000, 5.000000, -0.455000, -0.575664
0.000000, 6.000000, -0.177000, 0.483906
0.000000, 7.000000, 0.146000, 1.260273
0.000000, 8.000000, 0.514000, 1.880391
0.000000, 9.000000, 0.927000, 2.730000
0.000000, 10.000000, 0.980000, 1.597188
0.000000, 10.000000, 0.980000, 1.968281
0.000000, 10.000000, 0.980000, 1.748555
0.000000, 10.000000, 0.980000, 1.748555
0.000000, 9.000000, 0.972000, 1.646016
0.000000, 8.000000, 0.964000, 1.343281
0.000000, 7.000000, 0.956000, 1.113789
0.000000, 6.000000, 0.948000, 0.981953
0.000000, 4.000000, 0.932000, 0.845234
0.000000, 2.000000, 0.916000, 0.737813
0.000000, 1.000000, 0.908000, 0.645039
0.000000, 0.000000, 0.900000, 0.581563
0.000000, -2.000000, 0.794000, 0.522969
0.000000, -3.000000, 0.651000, 0.469258
0.000000, -5.000000, 0.410000, 0.278828
0.000000, -6.000000, 0.132000, -0.717266
0.000000, -8.000000, -0.244000, -1.532695
0.000000, -9.000000, -0.657000, -2.265117
0.000000, -10.000000, -0.980000, -2.265117
0.000000, -11.000000, -0.988000, -1.649883
0.000000, -11.000000, -0.988000, -1.786602
0.000000, -11.000000, -0.988000, -1.742656
0.000000, -10.000000, -0.980000, -1.640117
0.000000, -10.000000, -0.980000, -1.742656
0.000000, -10.000000, -0.980000, -1.610820
0.000000, -9.000000, -0.972000, -1.405742
0.000000, -8.000000, -0.964000, -1.229961
0.000000, -7.000000, -0.956000, -1.063945
0.000000, -6.000000, -0.948000, -0.966289
0.000000, -5.000000, -0.940000, -0.863750
0.000000, -4.000000, -0.932000, -0.805156
0.000000, -3.000000, -0.924000, -0.751445
0.000000, -1.000000, -0.908000, -0.712383
0.000000, 0.000000, -0.900000, -0.687969
0.000000, 1.000000, -0.847000, -0.639141
0.000000, 3.000000, -0.696000, -0.629375
0.000000, 5.000000, -0.455000, -0.609844
0.000000, 6.000000, -0.177000, 0.469258
0.000000, 7.000000, 0.146000, 1.245625
0.000000, 8.000000, 0.514000, 1.855977
0.000000, 9.000000, 0.927000, 2.730000
0.000000, 9.000000, 0.972000, 1.582539
0.000000, 9.000000, 0.972000, 1.914570
0.000000, 9.000000, 0.972000, 1.724141
0.000000, 9.000000, 0.972000, 1.807148
0.000000, 8.000000, 0.964000, 1.606953
0.000000, 7.000000, 0.956000, 1.343281
0.000000, 6.000000, 0.948000, 1.133320
0.000000, 5.000000, 0.940000, 0.962422
0.000000, 4.000000, 0.932000, 0.845234
0.000000, 2.000000, 0.916000, 0.732930
0.000000, 0.000000, 0.900000, 0.645039
0.000000, -1.000000, 0.847000, 0.576680
0.000000, -2.000000, 0.749000, 0.518086
0.000000, -4.000000, 0.553000, 0.479023
0.000000, -5.000000, 0.320000, -0.165508
0.000000, -6.000000, 0.042000, -0.893047
0.000000, -8.000000, -0.334000, -1.601055
0.000000, -9.000000, -0.747000, -2.265117
0.000000, -10.000000, -0.980000, -1.786602
0.000000, -10.000000, -0.980000, -1.835430
60.000000, -10.000000, -1.460000, -1.786602
60.000000, -10.000000, -1.460000, -1.879375
60.000000, -10.000000, -1.460000, -1.649883
60.000000, -10.000000, -1.460000, -1.708477
60.000000, -9.000000, -1.452000, -1.620586
60.000000, -9.000000, -1.452000, -1.317852
60.000000, -8.000000, -1.444000, -1.166484
60.000000, -6.000000, -1.428000, -1.049297
60.000000, -5.000000, -1.420000, -0.941875
60.000000, -4.000000, -1.412000, -0.849102
60.000000, -3.000000, -1.404000, -0.795391
60.000000, -2.000000, -1.396000, -0.736797
60.000000, 0.000000, -1.380000, -0.736797
60.000000, 0.000000, -1.380000, -0.683086
60.000000, 2.000000, -1.364000, -0.663555
60.000000, 4.000000, -1.348000, -0.629375
60.000000, 5.000000, -1.340000, -0.609844
60.000000, 7.000000, -1.324000, -0.595195
60.000000, 8.000000, -1.316000, -0.580547
60.000000, 9.000000, -1.308000, -0.546367
60.000000, 11.000000, -1.292000, -0.565898
60.000000, 12.000000, -1.284000, -0.536602
60.000000, 13.000000, -1.276000, -0.551250
60.000000, 14.000000, -1.268000, -0.541484
60.000000, 16.000000, -1.252000, -0.541484
60.000000, 17.000000, -1.244000, -0.546367
60.000000, 19.000000, -1.228000, -0.526836
60.000000, 20.000000, -1.220000, -0.546367
60.000000, 22.000000, -1.204000, -0.531719
60.000000, 23.000000, -1.196000, -0.517070
60.000000, 25.000000, -1.180000, -0.526836
60.000000, 27.000000, -1.164000, -0.517070
60.000000, 28.000000, -1.156000, -0.517070
60.000000, 30.000000, -1.140000, -0.521953
60.000000, 31.000000, -1.132000, -0.521953
60.000000, 32.000000, -1.124000, -0.512187
60.000000, 34.000000, -1.108000, -0.507305
60.000000, 35.000000, -1.100000, -0.512187
60.000000, 37.000000, -1.084000, -0.507305
60.000000, 38.000000, -1.076000, -0.507305
60.000000, 40.000000, -1.060000, -0.517070
60.000000, 41.000000, -1.052000, -0.497539
60.000000, 43.000000, -1.036000, -0.517070
60.000000, 44.000000, -1.028000, -0.502422
60.000000, 45.000000, -1.020000, -0.497539
60.000000, 47.000000, -1.004000, -0.502422
60.000000, 48.000000, -0.996000, -0.497539
60.000000, 50.000000, -0.980000, -0.487773
60.000000, 51.000000, -0.972000, -0.497539
60.000000, 53.000000, -0.956000, -0.482891
60.000000, 55.000000, -0.940000, -0.492656
60.000000, 55.000000, -0.940000, -0.473125
60.000000, 58.000000, -0.916000, -0.487773
60.000000, 59.000000, -0.908000, -0.468242
60.000000, 60.000000, -0.900000, -0.478008
60.000000, 61.000000, -0.847000, -0.468242
60.000000, 63.000000, -0.696000, -0.463359
60.000000, 64.000000, -0.508000, -0.448711
60.000000, 65.000000, -0.275000, 0.327656
60.000000, 66.000000, 0.003000, 1.006367
60.000000, 68.000000, 0.379000, 1.475117
60.000000, 68.000000, 0.739000, 2.730000
60.000000, 69.000000, 0.972000, 1.709492
60.000000, 69.000000, 0.972000, 2.007344
60.000000, 69.000000, 0.972000, 1.753438
60.000000, 70.000000, 0.980000, 1.763203
60.000000, 70.000000, 0.980000, 1.807148
60.000000, 70.000000, 0.980000, 1.484883
60.000000, 70.000000, 0.980000, 1.338398
60.000000, 69.000000, 0.972000, 1.133320
60.000000, 69.000000, 0.972000, 0.986836
60.000000, 68.000000, 0.964000, 0.894063
60.000000, 66.000000, 0.948000, 0.791523
60.000000, 65.000000, 0.940000, 0.698750
60.000000, 63.000000, 0.924000, 0.620625
60.000000, 61.000000, 0.908000, 0.557148
60.000000, 60.000000, 0.900000, 0.518086
60.000000, 58.000000, 0.794000, 0.479023
60.000000, 57.000000, 0.651000, 0.444844
60.000000, 54.000000, 0.357000, 0.244648
60.000000, 53.000000, 0.034000, -1.000469
60.000000, 52.000000, -0.334000, -1.649883
60.000000, 50.000000, -0.800000, -2.265117
60.000000, 49.000000, -0.988000, -1.811016
60.000000, 48.000000, -0.996000, -1.879375
60.000000, 48.000000, -0.996000, -1.713359
60.000000, 49.000000, -0.988000, -1.762187
60.000000, 49.000000, -0.988000, -1.723125
60.000000, 49.000000, -0.988000, -1.815898
60.000000, 49.000000, -0.988000, -1.552227
60.000000, 51.000000, -0.972000, -1.410625
60.000000, 51.000000, -0.972000, -1.205547
60.000000, 53.000000, -0.956000, -1.054180
60.000000, 54.000000, -0.948000, -0.951641
60.000000, 55.000000, -0.940000, -0.858867
60.000000, 56.000000, -0.932000, -0.795391
60.000000, 58.000000, -0.916000, -0.731914
60.000000, 59.000000, -0.908000, -0.673320
60.000000, 60.000000, -0.900000, -0.663555
60.000000, 61.000000, -0.847000, -0.619609
60.000000, 64.000000, -0.643000, -0.604961
60.000000, 64.000000, -0.463000, -0.399883
60.000000, 66.000000, -0.177000, 0.337422
60.000000, 67.000000, 0.146000, 1.318867
60.000000, 68.000000, 0.514000, 1.875508
60.000000, 68.000000, 0.874000, 2.730000
60.000000, 69.000000, 0.972000, 1.602070
60.000000, 69.000000, 0.972000, 1.812031
60.000000, 69.000000, 0.972000, 1.777852
60.000000, 69.000000, 0.972000, 1.792500
60.000000, 70.000000, 0.980000, 1.724141
60.000000, 69.000000, 0.972000, 1.382344
60.000000, 69.000000, 0.972000, 1.260273
60.000000, 68.000000, 0.964000, 1.084492
60.000000, 67.000000, 0.956000, 0.952656
60.000000, 65.000000, 0.940000, 0.850117
60.000000, 64.000000, 0.932000, 0.747578
60.000000, 62.000000, 0.916000, 0.664570
60.000000, 60.000000, 0.900000, 0.596211
60.000000, 58.000000, 0.794000, 0.557148
60.000000, 57.000000, 0.651000, 0.503438
60.000000, 55.000000, 0.410000, 0.313008
60.000000, 54.000000, 0.132000, -0.692852
60.000000, 52.000000, -0.244000, -1.527812
60.000000, 50.000000, -0.710000, -2.265117
60.000000, 49.000000, -0.988000, -2.265117
60.000000, 49.000000, -0.988000, -1.713359
60.000000, 48.000000, -0.996000, -1.747539
60.000000, 49.000000, -0.988000, -1.752422
60.000000, 49.000000, -0.988000, -1.752422
60.000000, 49.000000, -0.988000, -1.781719
60.000000, 50.000000, -0.980000, -1.586406
60.000000, 50.000000, -0.980000, -1.371562
60.000000, 52.000000, -0.964000, -1.229961
60.000000, 53.000000, -0.956000, -1.068828
60.000000, 54.000000, -0.948000, -0.936992
60.000000, 55.000000, -0.940000, -0.853984
60.000000, 56.000000, -0.932000, -0.780742
60.000000, 58.000000, -0.916000, -0.731914
60.000000, 59.000000, -0.908000, -0.668437
60.000000, 60.000000, -0.900000, -0.658672
60.000000, 62.000000, -0.794000, -0.634258
0.000000, 63.000000, 1.404000, -0.600078
0.000000, 64.000000, 1.412000, 2.730000
0.000000, 64.000000, 1.412000, 2.173359
0.000000, 66.000000, 1.428000, 1.885273
0.000000, 66.000000, 1.428000, 1.768086
0.000000, 67.000000, 1.436000, 1.855977
0.000000, 68.000000, 1.444000, 1.719258
0.000000, 67.000000, 1.436000, 1.782734
0.000000, 67.000000, 1.436000, 1.538594
0.000000, 67.000000, 1.436000, 1.328633
0.000000, 65.000000, 1.420000, 1.167500
0.000000, 65.000000, 1.420000, 1.016133
0.000000, 63.000000, 1.404000, 0.898945
0.000000, 62.000000, 1.396000, 0.796406
0.000000, 60.000000, 1.380000, 0.698750
0.000000, 58.000000, 1.364000, 0.635273
0.000000, 57.000000, 1.356000, 0.581563
0.000000, 55.000000, 1.340000, 0.527852
0.000000, 54.000000, 1.332000, 0.488789
0.000000, 52.000000, 1.316000, 0.444844
0.000000, 50.000000, 1.300000, 0.415547
0.000000, 48.000000, 1.284000, 0.391133
0.000000, 47.000000, 1.276000, 0.371602
0.000000, 45.000000, 1.260000, 0.356953
0.000000, 43.000000, 1.244000, 0.332539
0.000000, 41.000000, 1.228000, 0.332539
0.000000, 40.000000, 1.220000, 0.308125
0.000000, 38.000000, 1.204000, 0.303242
0.000000, 37.000000, 1.196000, 0.293477
0.000000, 36.000000, 1.188000, 0.288594
0.000000, 33.000000, 1.164000, 0.288594
0.000000, 32.000000, 1.156000, 0.283711
0.000000, 30.000000, 1.140000, 0.273945
0.000000, 28.000000, 1.124000, 0.283711
0.000000, 27.000000, 1.116000, 0.269063
0.000000, 24.000000, 1.092000, 0.273945
0.000000, 23.000000, 1.084000, 0.269063
0.000000, 20.000000, 1.060000, 0.264180
0.000000, 19.000000, 1.052000, 0.264180
0.000000, 17.000000, 1.036000, 0.254414
0.000000, 15.000000, 1.020000, 0.259297
0.000000, 13.000000, 1.004000, 0.264180
0.000000, 12.000000, 0.996000, 0.254414
0.000000, 10.000000, 0.980000, 0.269063
0.000000, 8.000000, 0.964000, 0.254414
0.000000, 7.000000, 0.956000, 0.259297
0.000000, 5.000000, 0.940000, 0.259297
0.000000, 3.000000, 0.924000, 0.239766
0.000000, 1.000000, 0.908000, 0.259297
0.000000, 0.000000, 0.900000, 0.234883
0.000000, -3.000000, 0.741000, 0.254414
0.000000, -4.000000, 0.553000, 0.244648
0.000000, -5.000000, 0.320000, -0.321758
0.000000, -7.000000, -0.011000, -1.063945
0.000000, -9.000000, -0.432000, -1.737773
0.000000, -10.000000, -0.890000, -2.265117
0.000000, -11.000000, -0.988000, -1.576641
0.000000, -12.000000, -0.996000, -1.913555
0.000000, -12.000000, -0.996000, -1.649883
0.000000, -12.000000, -0.996000, -1.845195
0.000000, -12.000000, -0.996000, -1.713359
0.000000, -11.000000, -0.988000, -1.728008
0.000000, -11.000000, -0.988000, -1.718242
0.000000, -10.000000, -0.980000, -1.435039
0.000000, -9.000000, -0.972000, -1.239727
0.000000, -8.000000, -0.964000, -1.078594
0.000000, -7.000000, -0.956000, -0.951641
0.000000, -6.000000, -0.948000, -0.883281
0.000000, -5.000000, -0.940000, -0.795391
0.000000, -3.000000, -0.924000, -0.770977
0.000000, -3.000000, -0.924000, -0.702617
0.000000, -1.000000, -0.908000, -0.683086
0.000000, 0.000000, -0.900000, -0.648906
0.000000, 1.000000, -0.847000, -0.619609
0.000000, 3.000000, -0.696000, -0.604961
0.000000, 5.000000, -0.455000, -0.575664
0.000000, 6.000000, -0.177000, 0.493672
0.000000, 7.000000, 0.146000, 1.265156
0.000000, 8.000000, 0.514000, 1.885273
0.000000, 9.000000, 0.927000, 2.730000
0.000000, 10.000000, 0.980000, 1.572773
0.000000, 10.000000, 0.980000, 1.914570
0.000000, 10.000000, 0.980000, 1.714375
0.000000, 10.000000, 0.980000, 1.812031
0.000000, 9.000000, 0.972000, 1.611836
0.000000, 8.000000, 0.964000, 1.353047
0.000000, 7.000000, 0.956000, 1.138203
0.000000, 6.000000, 0.948000, 0.962422
0.000000, 4.000000, 0.932000, 0.850117
0.000000, 2.000000, 0.916000, 0.737813
0.000000, 1.000000, 0.908000, 0.645039
0.000000, 0.000000, 0.900000, 0.576680
0.000000, -2.000000, 0.794000, 0.522969
0.000000, -4.000000, 0.598000, 0.479023
0.000000, -5.000000, 0.365000, 0.010273
0.000000, -6.000000, 0.087000, -0.780742
0.000000, -8.000000, -0.289000, -1.654766
0.000000, -9.000000, -0.702000, -2.265117
0.000000, -10.000000, -0.980000, -2.094219
0.000000, -10.000000, -0.980000, -1.747539
0.000000, -10.000000, -0.980000, -1.786602
0.000000, -10.000000, -0.980000, -1.542461
0.000000, -10.000000, -0.980000, -1.859844
0.000000, -10.000000, -0.980000, -1.713359
0.000000, -9.000000, -0.972000, -1.601055
0.000000, -9.000000, -0.972000, -1.361797
0.000000, -8.000000, -0.964000, -1.190898
0.000000, -6.000000, -0.948000, -1.073711
0.000000, -5.000000, -0.940000, -0.932109
0.000000, -4.000000, -0.932000, -0.863750
0.000000, -3.000000, -0.924000, -0.790508
0.000000, -2.000000, -0.916000, -0.746562
0.000000, 0.000000, -0.900000, -0.712383
0.000000, 0.000000, -0.900000, -0.673320
0.000000, 2.000000, -0.794000, -0.644023
0.000000, 4.000000, -0.598000, -0.629375
0.000000, 5.000000, -0.365000, -0.180156
0.000000, 7.000000, -0.034000, 0.635273
0.000000, 7.000000, 0.281000, 1.553242
0.000000, 8.000000, 0.649000, 2.314961
0.000000, 9.000000, 0.972000, 2.446797
0.000000, 10.000000, 0.980000, 1.714375
0.000000, 10.000000, 0.980000, 1.895039
0.000000, 10.000000, 0.980000, 1.763203
0.000000, 9.000000, 0.972000, 1.758320
0.000000, 8.000000, 0.964000, 1.445820
0.000000, 7.000000, 0.956000, 1.226094
0.000000, 6.000000, 0.948000, 1.040547
0.000000, 5.000000, 0.940000, 0.898945
0.000000, 3.000000, 0.924000, 0.771992
0.000000, 2.000000, 0.916000, 0.679219
0.000000, 0.000000, 0.900000, 0.610859
0.000000, -1.000000, 0.847000, 0.542500
0.000000, -3.000000, 0.696000, 0.493672
0.000000, -4.000000, 0.508000, 0.464375
0.000000, -5.000000, 0.275000, -0.360820
0.000000, -7.000000, -0.056000, -1.024883
0.000000, -8.000000, -0.424000, -1.771953
0.000000, -9.000000, -0.837000, -2.265117
0.000000, -10.000000, -0.980000, -1.566875
0.000000, -10.000000, -0.980000, -1.889141
0.000000, -10.000000, -0.980000, -1.854961
0.000000, -10.000000, -0.980000, -1.566875
0.000000, -10.000000, -0.980000, -1.737773
90.000000, -10.000000, -1.700000, -1.776836
90.000000, -9.000000, -1.692000, -1.488750
90.000000, -9.000000, -1.692000, -1.317852
90.000000, -8.000000, -1.684000, -1.176250
90.000000, -7.000000, -1.676000, -1.010234
90.000000, -5.000000, -1.660000, -0.927227
90.000000, -4.000000, -1.652000, -0.844219
90.000000, -3.000000, -1.644000, -0.785625
90.000000, -2.000000, -1.636000, -0.746562
90.000000, 0.000000, -1.620000, -0.717266
90.000000, 0.000000, -1.620000, -0.668437
90.000000, 2.000000, -1.604000, -0.658672
90.000000, 4.000000, -1.588000, -0.619609
90.000000, 6.000000, -1.572000, -0.614727
90.000000, 7.000000, -1.564000, -0.585430
90.000000, 8.000000, -1.556000, -0.561016
90.000000, 9.000000, -1.548000, -0.556133
90.000000, 11.000000, -1.532000, -0.536602
90.000000, 12.000000, -1.524000, -0.541484
90.000000, 13.000000, -1.516000, -0.541484
90.000000, 14.000000, -1.508000, -0.531719
90.000000, 16.000000, -1.492000, -0.546367
90.000000, 17.000000, -1.484000, -0.541484
90.000000, 19.000000, -1.468000, -0.531719
90.000000, 21.000000, -1.452000, -0.536602
90.000000, 22.000000, -1.444000, -0.531719
90.000000, 24.000000, -1.428000, -0.531719
90.000000, 26.000000, -1.412000, -0.512187
90.000000, 27.000000, -1.404000, -0.517070
90.000000, 28.000000, -1.396000, -0.517070
90.000000, 30.000000, -1.380000, -0.512187
90.000000, 32.000000, -1.364000, -0.526836
90.000000, 32.000000, -1.364000, -0.512187
90.000000, 34.000000, -1.348000, -0.517070
90.000000, 36.000000, -1.332000, -0.517070
90.000000, 37.000000, -1.324000, -0.507305
90.000000, 39.000000, -1.308000, -0.517070
90.000000, 40.000000, -1.300000, -0.507305
90.000000, 42.000000, -1.284000, -0.507305
90.000000, 43.000000, -1.276000, -0.507305
90.000000, 44.000000, -1.268000, -0.492656
90.000000, 46.000000, -1.252000, -0.507305
90.000000, 47.000000, -1.244000, -0.497539
90.000000, 49.000000, -1.228000, -0.497539
90.000000, 50.000000, -1.220000, -0.497539
90.000000, 52.000000, -1.204000, -0.482891
90.000000, 54.000000, -1.188000, -0.502422
90.000000, 55.000000, -1.180000, -0.482891
90.000000, 56.000000, -1.172000, -0.482891
90.000000, 58.000000, -1.156000, -0.487773
90.000000, 59.000000, -1.148000, -0.468242
90.000000, 61.000000, -1.132000, -0.482891
90.000000, 62.000000, -1.124000, -0.468242
90.000000, 64.000000, -1.108000, -0.473125
90.000000, 66.000000, -1.092000, -0.463359
90.000000, 67.000000, -1.084000, -0.438945
90.000000, 69.000000, -1.068000, -0.453594
90.000000, 70.000000, -1.060000, -0.438945
90.000000, 71.000000, -1.052000, -0.438945
90.000000, 72.000000, -1.044000, -0.438945
90.000000, 73.000000, -1.036000, -0.414531
90.000000, 75.000000, -1.020000, -0.429180
90.000000, 76.000000, -1.012000, -0.414531
90.000000, 78.000000, -0.996000, -0.409648
90.000000, 79.000000, -0.988000, -0.399883
90.000000, 81.000000, -0.972000, -0.380352
90.000000, 82.000000, -0.964000, -0.385234
90.000000, 83.000000, -0.956000, -0.360820
90.000000, 84.000000, -0.948000, -0.355937
90.000000, 86.000000, -0.932000, -0.355937
90.000000, 87.000000, -0.924000, -0.336406
90.000000, 89.000000, -0.908000, -0.341289
90.000000, 90.000000, -0.900000, -0.326641
90.000000, 92.000000, -0.794000, -0.321758
90.000000, 94.000000, -0.598000, -0.321758
90.000000, 96.000000, -0.312000, 0.117695
90.000000, 97.000000, 0.011000, 1.138203
90.000000, 98.000000, 0.379000, 1.665547
90.000000, 98.000000, 0.739000, 2.730000
90.000000, 100.000000, 0.980000, 1.709492
90.000000, 101.000000, 0.988000, 1.982930
90.000000, 102.000000, 0.996000, 1.719258
90.000000, 101.000000, 0.988000, 1.851094
90.000000, 102.000000, 0.996000, 1.787617
90.000000, 102.000000, 0.996000, 1.821797
90.000000, 101.000000, 0.988000, 1.519063
90.000000, 101.000000, 0.988000, 1.348164
90.000000, 100.000000, 0.980000, 1.201680
90.000000, 99.000000, 0.972000, 1.040547
90.000000, 98.000000, 0.964000, 0.908711
90.000000, 97.000000, 0.956000, 0.752461
90.000000, 96.000000, 0.948000, 0.713398
90.000000, 95.000000, 0.940000, 0.659688
90.000000, 94.000000, 0.932000, 0.605977
90.000000, 93.000000, 0.924000, 0.581563
90.000000, 91.000000, 0.908000, 0.547383
90.000000, 90.000000, 0.900000, 0.552266
90.000000, 88.000000, 0.794000, 0.479023
90.000000, 87.000000, 0.651000, 0.479023
90.000000, 85.000000, 0.410000, 0.313008
90.000000, 84.000000, 0.132000, -0.717266
90.000000, 82.000000, -0.244000, -1.518047
90.000000, 81.000000, -0.657000, -2.265117
90.000000, 78.000000, -0.996000, -2.265117
90.000000, 78.000000, -0.996000, -1.767070
90.000000, 77.000000, -1.004000, -1.747539
90.000000, 78.000000, -0.996000, -1.869609
90.000000, 78.000000, -0.996000, -1.767070
90.000000, 78.000000, -0.996000, -1.791484
90.000000, 79.000000, -0.988000, -1.503398
90.000000, 80.000000, -0.980000, -1.322734
90.000000, 81.000000, -0.972000, -1.142070
90.000000, 82.000000, -0.964000, -1.000469
90.000000, 82.000000, -0.964000, -0.853984
90.000000, 84.000000, -0.948000, -0.766094
90.000000, 83.000000, -0.956000, -0.668437
90.000000, 85.000000, -0.940000, -0.634258
90.000000, 86.000000, -0.932000, -0.595195
90.000000, 87.000000, -0.924000, -0.565898
90.000000, 89.000000, -0.908000, -0.546367
90.000000, 91.000000, -0.847000, -0.526836
90.000000, 92.000000, -0.749000, -0.482891
90.000000, 95.000000, -0.500000, -0.473125
90.000000, 96.000000, -0.222000, 0.396016
90.000000, 97.000000, 0.101000, 1.260273
90.000000, 98.000000, 0.469000, 1.846211
90.000000, 99.000000, 0.882000, 2.730000
90.000000, 100.000000, 0.980000, 1.592305
90.000000, 100.000000, 0.980000, 1.929219
90.000000, 101.000000, 0.988000, 1.875508
90.000000, 101.000000, 0.988000, 1.826680
90.000000, 101.000000, 0.988000, 1.797383
90.000000, 101.000000, 0.988000, 1.753438
90.000000, 100.000000, 0.980000, 1.450703
90.000000, 100.000000, 0.980000, 1.250508
90.000000, 99.000000, 0.972000, 1.094258
90.000000, 98.000000, 0.964000, 0.952656
90.000000, 97.000000, 0.956000, 0.850117
90.000000, 96.000000, 0.948000, 0.762227
90.000000, 95.000000, 0.940000, 0.688984
90.000000, 94.000000, 0.932000, 0.640156
90.000000, 92.000000, 0.916000, 0.615742
90.000000, 92.000000, 0.916000, 0.571797
90.000000, 89.000000, 0.847000, 0.562031
90.000000, 88.000000, 0.749000, 0.527852
90.000000, 86.000000, 0.553000, 0.513203
90.000000, 85.000000, 0.320000, -0.141094
90.000000, 84.000000, 0.042000, -0.853984
90.000000, 82.000000, -0.334000, -1.566875
90.000000, 81.000000, -0.747000, -2.265117
90.000000, 78.000000, -0.996000, -1.879375
90.000000, 77.000000, -1.004000, -1.840312
90.000000, 78.000000, -0.996000, -1.913555
90.000000, 78.000000, -0.996000, -1.723125
90.000000, 78.000000, -0.996000, -1.723125
90.000000, 78.000000, -0.996000, -1.845195
90.000000, 79.000000, -0.988000, -1.425273
90.000000, 80.000000, -0.980000, -1.303203
90.000000, 81.000000, -0.972000, -1.117656
90.000000, 82.000000, -0.964000, -0.941875
90.000000, 83.000000, -0.956000, -0.844219
90.000000, 84.000000, -0.948000, -0.731914
90.000000, 85.000000, -0.940000, -0.678203
90.000000, 85.000000, -0.940000, -0.614727
90.000000, 87.000000, -0.924000, -0.595195
90.000000, 88.000000, -0.916000, -0.565898
90.000000, 90.000000, -0.900000, -0.536602
90.000000, 92.000000, -0.794000, -0.517070
90.000000, 93.000000, -0.651000, -0.478008
90.000000, 95.000000, -0.410000, -0.287578
90.000000, 97.000000, -0.079000, 0.703633
90.000000, 97.000000, 0.236000, 1.753438
90.000000, 99.000000, 0.657000, 2.202656
90.000000, 99.000000, 0.972000, 2.637227
90.000000, 101.000000, 0.988000, 1.636250
90.000000, 101.000000, 0.988000, 1.812031
90.000000, 101.000000, 0.988000, 1.924336
90.000000, 101.000000, 0.988000, 1.724141
90.000000, 101.000000, 0.988000, 1.821797
90.000000, 100.000000, 0.980000, 1.519063
90.000000, 100.000000, 0.980000, 1.348164
90.000000, 99.000000, 0.972000, 1.177266
90.000000, 99.000000, 0.972000, 1.001484
90.000000, 97.000000, 0.956000, 0.894063
90.000000, 97.000000, 0.956000, 0.796406
90.000000, 96.000000, 0.948000, 0.713398
90.000000, 95.000000, 0.940000, 0.654805
90.000000, 94.000000, 0.932000, 0.605977
90.000000, 92.000000, 0.916000, 0.576680
90.000000, 90.000000, 0.900000, 0.562031
90.000000, 89.000000, 0.847000, 0.522969
90.000000, 87.000000, 0.696000, 0.527852
90.000000, 87.000000, 0.561000, 0.488789
0.000000, 84.000000, 1.572000, -0.131328
0.000000, 83.000000, 1.564000, 0.830586
0.000000, 82.000000, 1.556000, 0.337422
0.000000, 80.000000, 1.540000, 0.483906
0.000000, 78.000000, 1.524000, 0.425313
0.000000, 76.000000, 1.508000, 0.381367
0.000000, 75.000000, 1.500000, 0.386250
0.000000, 73.000000, 1.484000, 0.342305
0.000000, 71.000000, 1.468000, 0.347188
0.000000, 71.000000, 1.468000, 0.313008
0.000000, 69.000000, 1.452000, 0.308125
0.000000, 68.000000, 1.444000, 0.293477
0.000000, 66.000000, 1.428000, 0.278828
0.000000, 64.000000, 1.412000, 0.273945
0.000000, 62.000000, 1.396000, 0.264180
0.000000, 61.000000, 1.388000, 0.259297
0.000000, 59.000000, 1.372000, 0.264180
0.000000, 58.000000, 1.364000, 0.249531
0.000000, 55.000000, 1.340000, 0.249531
0.000000, 54.000000, 1.332000, 0.244648
0.000000, 52.000000, 1.316000, 0.244648
0.000000, 50.000000, 1.300000, 0.249531
0.000000, 48.000000, 1.284000, 0.244648
0.000000, 46.000000, 1.268000, 0.249531
0.000000, 45.000000, 1.260000, 0.239766
0.000000, 43.000000, 1.244000, 0.234883
0.000000, 41.000000, 1.228000, 0.244648
0.000000, 39.000000, 1.212000, 0.225117
0.000000, 37.000000, 1.196000, 0.234883
0.000000, 36.000000, 1.188000, 0.230000
0.000000, 34.000000, 1.172000, 0.230000
0.000000, 32.000000, 1.156000, 0.234883
0.000000, 31.000000, 1.148000, 0.225117
0.000000, 28.000000, 1.124000, 0.239766
0.000000, 27.000000, 1.116000, 0.234883
0.000000, 25.000000, 1.100000, 0.230000
0.000000, 23.000000, 1.084000, 0.234883
0.000000, 21.000000, 1.068000, 0.230000
0.000000, 19.000000, 1.052000, 0.234883
0.000000, 17.000000, 1.036000, 0.230000
0.000000, 16.000000, 1.028000, 0.230000
0.000000, 14.000000, 1.012000, 0.234883
0.000000, 12.000000, 0.996000, 0.225117
0.000000, 10.000000, 0.980000, 0.239766
0.000000, 8.000000, 0.964000, 0.234883
0.000000, 7.000000, 0.956000, 0.225117
0.000000, 5.000000, 0.940000, 0.234883
0.000000, 4.000000, 0.932000, 0.225117
0.000000, 1.000000, 0.908000, 0.230000
0.000000, 0.000000, 0.900000, 0.230000
0.000000, -2.000000, 0.794000, 0.230000
0.000000, -4.000000, 0.598000, 0.234883
0.000000, -5.000000, 0.365000, -0.155742
0.000000, -7.000000, 0.034000, -0.985820
0.000000, -9.000000, -0.387000, -1.801250
0.000000, -10.000000, -0.845000, -2.265117
0.000000, -11.000000, -0.988000, -1.640117
0.000000, -12.000000, -0.996000, -1.937969
0.000000, -12.000000, -0.996000, -1.723125
0.000000, -12.000000, -0.996000, -1.718242
0.000000, -12.000000, -0.996000, -1.723125
0.000000, -12.000000, -0.996000, -1.713359
0.000000, -11.000000, -0.988000, -1.752422
0.000000, -10.000000, -0.980000, -1.400859
0.000000, -9.000000, -0.972000, -1.249492
0.000000, -8.000000, -0.964000, -1.117656
0.000000, -8.000000, -0.964000, -0.976055
0.000000, -6.000000, -0.948000, -0.907695
0.000000, -5.000000, -0.940000, -0.829570
0.000000, -3.000000, -0.924000, -0.770977
0.000000, -2.000000, -0.916000, -0.727031
0.000000, -1.000000, -0.908000, -0.687969
0.000000, 0.000000, -0.900000, -0.663555
0.000000, 1.000000, -0.847000, -0.634258
0.000000, 3.000000, -0.696000, -0.609844
0.000000, 5.000000, -0.455000, -0.590312
0.000000, 6.000000, -0.177000, 0.483906
0.000000, 7.000000, 0.146000, 1.270039
0.000000, 8.000000, 0.514000, 1.865742
0.000000, 9.000000, 0.927000, 2.730000
0.000000, 10.000000, 0.980000, 1.592305
0.000000, 10.000000, 0.980000, 1.982930
0.000000, 10.000000, 0.980000, 1.704609
0.000000, 10.000000, 0.980000, 1.733906
0.000000, 10.000000, 0.980000, 1.650898
0.000000, 8.000000, 0.964000, 1.343281
0.000000, 7.000000, 0.956000, 1.138203
0.000000, 6.000000, 0.948000, 0.967305
0.000000, 5.000000, 0.940000, 0.825703
0.000000, 3.000000, 0.924000, 0.718281
0.000000, 1.000000, 0.908000, 0.615742
0.000000, 0.000000, 0.900000, 0.557148
0.000000, -1.000000, 0.847000, 0.493672
0.000000, -3.000000, 0.696000, 0.449727
0.000000, -5.000000, 0.455000, 0.425313
0.000000, -5.000000, 0.230000, -0.644023
0.000000, -7.000000, -0.101000, -1.146953
0.000000, -9.000000, -0.522000, -1.947734
0.000000, -9.000000, -0.927000, -2.265117
0.000000, -10.000000, -0.980000, -1.591289
0.000000, -11.000000, -0.988000, -1.952617
0.000000, -11.000000, -0.988000, -1.737773
0.000000, -10.000000, -0.980000, -1.854961
0.000000, -10.000000, -0.980000, -1.796367
0.000000, -10.000000, -0.980000, -1.723125
0.000000, -9.000000, -0.972000, -1.493633
0.000000, -8.000000, -0.964000, -1.332500
0.000000, -8.000000, -0.964000, -1.142070
0.000000, -6.000000, -0.948000, -1.029766
0.000000, -5.000000, -0.940000, -0.902812
0.000000, -4.000000, -0.932000, -0.853984
0.000000, -3.000000, -0.924000, -0.790508
0.000000, -1.000000, -0.908000, -0.766094
0.000000, 0.000000, -0.900000, -0.717266
0.000000, 1.000000, -0.847000, -0.692852
0.000000, 3.000000, -0.696000, -0.663555
0.000000, 5.000000, -0.455000, -0.653789
0.000000, 6.000000, -0.177000, 0.449727
0.000000, 7.000000, 0.146000, 1.221211
0.000000, 8.000000, 0.514000, 1.870625
0.000000, 9.000000, 0.927000, 2.730000
0.000000, 9.000000, 0.972000, 1.538594
0.000000, 9.000000, 0.972000, 1.885273
0.000000, 9.000000, 0.972000, 1.704609
0.000000, 9.000000, 0.972000, 1.777852
0.000000, 8.000000, 0.964000, 1.660664
0.000000, 7.000000, 0.956000, 1.333516
0.000000, 7.000000, 0.956000, 1.128438
0.000000, 5.000000, 0.940000, 0.947773
0.000000, 4.000000, 0.932000, 0.825703
0.000000, 2.000000, 0.916000, 0.723164
0.000000, 0.000000, 0.900000, 0.625508
0.000000, -1.000000, 0.847000, 0.562031
0.000000, -2.000000, 0.749000, 0.493672
0.000000, -4.000000, 0.553000, 0.459492
